<?xml version="1.0" encoding="UTF-8"?>
<!DOCTYPE beans PUBLIC "-//SPRING//DTD BEAN//EN" "http://www.springframework.org/dtd/spring-beans.dtd">

	<beans>
        <!-- Spring will reference the instance of the HelloWorld class
             by the id name "helloService" -->
        <bean id="amsService" class="com.xoomcode.acidmaps.AcidMapService">
        
        <property name="filterFactory" ref="filterFactory">
          <description>Use the same filter factory declared in the WFS module</description>
        </property>
	</bean>

        <!-- This creates a Service descriptor, which allows the org.geoserver.ows.Dispatcher
             to locate it. -->
	<bean id="amsServiceDescriptor" class="org.geoserver.platform.Service">
		<!-- used to reference the service in the URL -->
		<constructor-arg index="0" value="ams"/>

		<!-- our actual service POJO defined previously -->
		<constructor-arg index="1" ref="amsService"/>

		<!-- a version number for this service -->
		<constructor-arg index="2" value="1.0.0"/>
		
		<constructor-arg index="3">
			<list>
				<value>GetMap</value>
			</list>
		</constructor-arg>
	</bean>
	
</beans>
